,id,iter,energy
0,0,0,0.15237058982031176
1,0,1,0.13131820503288122
2,0,2,0.09125035992661937
3,0,3,0.04530015412297152
4,0,4,0.01634100882655828
5,0,5,0.004851745138072536
6,0,6,0.0013124135075195625
7,0,7,0.00034040423864161297
8,0,8,8.659443938444935e-05
9,0,9,2.1837546106139884e-05
10,0,10,5.495071804084489e-06
11,0,11,1.3719598869247035e-06
12,1,0,0.14468262824685008
13,1,1,0.10292959884291875
14,1,2,0.043725443456567495
15,1,3,0.01390219298849955
16,1,4,0.0038557675712188265
17,1,5,0.0010107645383167223
18,1,6,0.0002584254797415033
19,1,7,6.53306105920183e-05
20,1,8,1.642046025970758e-05
21,1,9,2.8185244824282106e-06
22,1,10,6.949470297225684e-07
23,2,0,0.10822432039248994
24,2,1,0.04052171569038246
25,2,2,-0.09170211880365055
26,2,3,-0.16990026781716427
27,2,4,-0.21125501283388373
28,2,5,-0.23451754872776925
29,2,6,-0.24678399442683657
30,2,7,-0.25291702220099177
31,2,8,-0.25586342308027626
32,2,9,-0.2572393671811401
33,2,10,-0.2578672609827854
34,2,11,-0.2581492310310196
35,2,12,-0.2582750270120151
36,2,13,-0.2583309417804984
37,2,14,-0.25835545417691963
38,2,15,-0.2583663411102123
39,2,16,-0.25837091910725857
40,3,0,0.13777757803571145
41,3,1,0.10581023573779386
42,3,2,0.052706517788480525
43,3,3,0.01516906426231539
44,3,4,0.004160662744119495
45,3,5,0.0010869530241313934
46,3,6,0.000277455176644537
47,3,7,7.00747669523471e-05
48,3,8,1.7592330569999688e-05
49,3,9,4.401207674418759e-06
50,3,10,1.0797507262705686e-06
51,4,0,0.026561535550483434
52,4,1,-0.044537512383277474
53,4,2,-0.10049062325630337
54,4,3,-0.14629844286274246
55,4,4,-0.17989867481371363
56,4,5,-0.20324924856958498
57,4,6,-0.21997090598031527
58,4,7,-0.23258608564816313
59,4,8,-0.2420754929980969
60,4,9,-0.2487855451213603
61,4,10,-0.2531278806071616
62,4,11,-0.2556842943062565
63,4,12,-0.25706917393277623
64,4,13,-0.25776473681705125
65,4,14,-0.25809741139873543
66,4,15,-0.2582520288276314
67,4,16,0.033866656457833384
68,4,17,0.02857298630189139
69,4,18,0.024318384506792017
70,4,19,0.020873940701664453
71,4,20,0.018060737315941423
72,4,21,0.015746099968678456
73,4,22,0.013824758754762474
74,4,23,0.012217250138306962
75,4,24,0.010861342796711786
76,4,25,0.009711019321815504
77,4,26,0.008725052039698816
78,4,27,0.007876394831492
79,4,28,0.007141330164371179
80,4,29,0.006501055799260341
81,4,30,0.005940470053001235
82,4,31,0.005446815992062517
83,4,32,0.005010674939099911
84,4,33,0.004623767785202041
85,4,34,0.0042783967692320984
86,4,35,0.0039694552104463056
87,4,36,0.003691946189300307
88,4,37,0.003441872945468878
89,4,38,0.0032157992154384796
90,4,39,0.003010802315317688
91,4,40,0.0028243848274346617
92,4,41,0.002654410186783196
93,4,42,0.0024989965441696046
94,4,43,0.002356606434938871
95,4,44,0.0022258324627409364
96,4,45,0.002105438669511562
97,4,46,0.001994388920944618
98,4,47,0.0018917376466083126
99,4,48,0.0017971990322459136
100,4,49,0.0017081334849597617
101,4,50,0.0016259130931487874
102,4,51,0.0015496773459898463
103,4,52,0.001478599201807736
104,4,53,0.001412229137236624
105,4,54,0.0013501650254576594
106,4,55,0.001292046244406611
107,4,56,0.0012375492278329766
108,4,57,0.0011863819029792994
109,4,58,0.0011382819121984833
110,4,59,0.0010930110104408588
111,4,60,0.001050353760068728
112,4,61,0.0010100875576845238
113,4,62,0.0009720859648385588
114,4,63,0.0009361681623568144
115,4,64,0.0009021817054745709
116,4,65,0.0008699961946151008
117,4,66,0.0008394977933804898
118,4,67,0.0008105852415712328
119,4,68,0.0007833961499863619
120,4,69,0.0007569380329454879
121,4,70,0.0007320654297531066
122,4,71,0.000708391426772341
123,4,72,0.0006858357545353993
124,4,73,0.0006643296769551317
125,4,74,0.0006438095822793271
126,4,75,0.0006242165162932719
127,4,76,0.0006054958500750407
128,4,77,0.0005875969197601928
129,4,78,0.0005704727471791348
130,4,79,0.0005540794951675364
131,4,80,0.0005383765405077624
132,4,81,0.0005233258146068326
133,4,82,0.0005088919003708719
134,4,83,0.0004950418353825289
135,4,84,0.00048174482873798393
136,4,85,0.0004689719453127699
137,4,86,0.00045669617872906934
138,4,87,0.0004448922094229858
139,4,88,0.00043353623626777335
140,4,89,0.00042260618292283515
141,4,90,0.0004120810341725644
142,4,91,0.00040194115317087134
143,4,92,0.0003921681868607628
144,5,0,0.1275112127946676
145,5,1,0.09414100096613971
146,5,2,0.04779579659888698
147,5,3,-0.008077020138096566
148,5,4,-0.06683284286242018
149,5,5,-0.118515141517973
150,5,6,-0.15666807499976154
151,5,7,-0.1824772221455387
152,5,8,-0.2006634594881333
153,5,9,-0.21503627061824548
154,5,10,-0.22725830888467635
155,5,11,-0.23749015075408408
156,5,12,-0.24540430489595128
157,5,13,-0.2509299507661106
158,5,14,-0.2544045034841485
159,5,15,-0.2563854237658562
160,5,16,-0.2574265958129358
161,5,17,-0.2579380959565742
162,5,18,-0.2581787949902876
163,5,19,-0.2582885111612554
164,5,20,-0.2583373310398283
165,5,21,-0.258358653710007
166,5,22,-0.2583678094392985
167,6,0,0.12601916653372333
168,6,1,0.10346980992328665
169,6,2,0.07656341628946188
170,6,3,0.04344985963488214
171,6,4,0.0024344954793899115
172,6,5,-0.045357411137238846
173,6,6,-0.09491448417235665
174,6,7,-0.14057145606858026
175,6,8,-0.178871638775966
176,6,9,-0.2080502663385242
177,6,10,-0.2282413202742055
178,6,11,-0.24121829288743993
179,6,12,-0.24908949205452072
180,6,13,-0.2536029629767297
181,6,14,-0.25603404393867407
182,6,15,-0.25727045060547815
183,6,16,-0.25786850499188296
184,6,17,-0.25814605308709226
185,6,18,-0.2582734280352117
186,6,19,-0.25833035876326427
187,6,20,-0.2583549042398565
188,6,21,-0.25836630578167125
189,6,22,-0.2583710261998183
190,7,0,0.11075794701459542
191,7,1,0.05367380095355648
192,7,2,0.019032378013768055
193,7,3,0.005540491271689759
194,7,4,0.0014761354959265903
195,7,5,0.0003793687564267457
196,7,6,9.604152027806818e-05
197,7,7,2.4163483759910093e-05
198,7,8,6.123243754392648e-06
199,7,9,1.546022416062313e-06
200,8,0,0.14368361406482924
201,8,1,0.12954074974216728
202,8,2,0.10997737280196374
203,8,3,0.07831603733084158
204,8,4,0.04901728909190514
205,8,5,0.03395529836792559
206,8,6,0.026829733872325172
207,8,7,0.02187862904436508
208,8,8,0.017646083835688386
209,8,9,0.01405599300871303
210,8,10,0.011149881279617312
211,8,11,0.008886970013573095
212,8,12,0.007157112834611274
213,8,13,0.005841954411666251
214,8,14,0.004837249501399712
215,8,15,0.004061943113937927
216,8,16,0.003455801579984045
217,8,17,0.002975717278346117
218,8,18,0.0025900585756825174
219,8,19,0.0022765555574754924
220,8,20,0.0020183919309344016
221,8,21,0.0018031933474944044
222,8,22,0.0016226263376860235
223,8,23,0.0014692652121303669
224,8,24,0.001337959340727217
225,8,25,0.0012246244860865318
226,8,26,0.0011259515236662744
227,8,27,0.0010395636774944551
228,8,28,0.0009634154186926284
229,8,29,0.0008957003379889851
230,8,30,0.0008354159239193057
231,8,31,0.0007815040531665216
232,8,32,0.0007328505445926084
233,8,33,0.0006889330132889109
234,8,34,0.0006490134016591838
235,8,35,0.0006125751395531645
236,8,36,0.000579289523520112
237,8,37,0.000548747967212774
238,8,38,0.0005206518238143559
239,8,39,0.0004946963796040014
240,8,40,0.00047069894505357747
241,8,41,0.0004484668188366724
242,8,42,0.0004277846954675843
243,8,43,0.00040852746529212487
244,8,44,0.0003905660366770908
245,8,45,0.00037376291455023993
246,8,46,0.0003580428102170503
247,8,47,0.0003433003775042109
248,8,48,0.00032942855883436056
249,8,49,0.00031642969521627324
250,8,50,0.0003041597068578792
251,8,51,0.0002926059263313718
252,8,52,0.00028170050399375457
253,8,53,0.00027169106083994366
254,8,54,0.00026190622143816686
255,9,0,0.09818016082261025
256,9,1,0.07778051962358035
257,9,2,0.056565512249153446
258,9,3,0.04320583738955687
259,9,4,0.036457004272617395
260,9,5,0.03190061715038963
261,9,6,0.027613010298093873
262,9,7,0.023325524953268006
263,9,8,0.019250197436127544
264,9,9,0.015624093204360378
265,9,10,0.012575375636644064
266,9,11,0.010117612374005344
267,9,12,0.008188196406717725
268,9,13,0.006693791305209354
269,9,14,0.005538587337842989
270,9,15,0.004641399029654633
271,9,16,0.003938727127309336
272,9,17,0.0033824481096118393
273,9,18,0.0029365654142739298
274,9,19,0.0025749104443791746
275,9,20,0.0022778838270450935
276,9,21,0.002031184295201654
277,9,22,0.001824210886440876
278,9,23,0.0016486622331184446
279,9,24,0.0014985154605517662
280,9,25,0.0013689810013534087
281,9,26,0.0012563173249050589
282,9,27,0.0011574060604093873
283,9,28,0.0010703787348793627
284,9,29,0.0009933716503934473
285,9,30,0.0009247293706124258
286,9,31,0.0008631635229670856
287,9,32,0.0008079040346898886
288,9,33,0.0007579261956760377
289,9,34,0.0007125847038532847
290,9,35,0.000671306372033328
291,9,36,0.0006335617057379721
292,9,37,0.0005990736830572284
293,9,38,0.0005674112767225637
294,9,39,0.0005380936425256501
295,9,40,0.00051113332876173
296,9,41,0.0004861272618333074
297,9,42,0.00046292648741995434
298,9,43,0.0004413916053127566
299,9,44,0.0004212990512434209
300,9,45,0.0004026003826238154
301,9,46,0.00038510731334339614
302,9,47,0.0003686960664196823
303,9,48,0.000353324248277922
304,9,49,0.00033892952824135985
305,9,50,0.00032535857278668086
306,9,51,0.0003125987197014121
307,9,52,0.00030057536085997035
308,9,53,0.0002892469119287779
309,9,54,0.0002785273472010249
310,9,55,0.00026839472568690123
311,9,56,0.00025881883044002134
312,10,0,0.13561651309110878
313,10,1,0.029871770265285577
314,10,2,0.006864797756267896
315,10,3,0.0017537126299380715
316,10,4,0.0004469104032434176
317,10,5,0.00011231638268583554
318,10,6,2.8162033352557057e-05
319,10,7,7.0569470504892195e-06
320,10,8,1.7482164865578245e-06
321,11,0,-0.0013078534673128302
322,11,1,-0.03769251098212607
323,11,2,-0.0716237602710289
324,11,3,-0.10522264173459712
325,11,4,-0.1323580745471189
326,11,5,-0.14852884119044138
327,11,6,-0.15657188238005393
328,11,7,-0.16089133113459056
329,11,8,-0.16410260777645308
330,11,9,-0.16740889837487213
331,11,10,-0.17134234088184913
332,11,11,-0.17621842780878455
333,11,12,-0.18230488227749328
334,11,13,0.04629082307889454
335,11,14,0.03889158127708327
336,11,15,0.03294363022353902
337,11,16,0.028105331043287263
338,11,17,0.02411818034088487
339,11,18,0.020790933495502584
340,11,19,0.017981277711069478
341,11,20,0.015583885946194219
342,11,21,0.013519599152292335
343,11,22,0.011728710807047453
344,11,23,0.010165756072147134
345,11,24,0.008796179717656574
346,11,25,0.007593394815898763
347,11,26,0.006536889903269444
348,11,27,0.005610616409857068
349,11,28,0.004801695873451556
350,11,29,0.004098881675809746
351,11,30,0.0034923571614695562
352,11,31,0.0029721148825830965
353,11,32,0.002529161951351847
354,11,33,0.0021546543569881606
355,11,34,0.0018398997676980248
356,11,35,0.0015767168561705547
357,11,36,0.0013575083532741338
358,11,37,0.001175511848998933
359,11,38,0.001024617703249851
360,11,39,0.0008995727398615132
361,11,40,0.0007958647234659461
362,11,41,0.0007097028668543539
363,11,42,0.0006377609596713823
364,11,43,0.0005775170283485198
365,11,44,0.0005267999326267483
366,11,45,0.0004838689662075564
367,11,46,0.0004473232565630808
368,11,47,0.00041595311953499274
369,11,48,0.000388840866600943
370,11,49,0.0003651875599617726
371,11,50,0.00034444816031003306
372,11,51,0.0003260898344757716
373,11,52,0.0003097214634212753
374,11,53,0.00029501866327618807
375,11,54,0.0002817118280257285
376,11,55,0.00026959507524836816
377,11,56,0.00025849745066222217
378,11,57,0.00024827049527116206
379,11,58,0.00023880505864179815
380,12,0,0.10907835551328857
381,12,1,0.0752679622515977
382,12,2,0.03568236736014965
383,12,3,-0.008796308359950517
384,12,4,-0.056249121547420115
385,12,5,-0.0981597200854782
386,12,6,-0.12589055928977774
387,12,7,-0.1402329645514035
388,12,8,-0.14673371135548186
389,12,9,-0.14958645580259677
390,12,10,-0.15088195629642046
391,12,11,-0.15151860589877422
392,12,12,-0.15187853638875703
393,12,13,-0.15212666834413313
394,12,14,-0.15233762748417584
395,12,15,-0.15254887740711998
396,12,16,-0.1527831907256638
397,12,17,-0.15305467988732546
398,12,18,-0.15337696441548196
399,12,19,-0.1537634998727625
400,12,20,-0.15422932083738752
401,12,21,-0.15479500727947806
402,12,22,-0.15547950883952133
403,12,23,-0.1563193868358034
404,12,24,-0.15735247704425365
405,12,25,-0.15862325601130703
406,12,26,-0.1601973057082482
407,12,27,-0.1621583322628136
408,12,28,-0.16461274397842413
409,12,29,-0.16769669713593272
410,12,30,-0.1715864132372961
411,12,31,-0.17648337418065213
412,12,32,-0.18262312968759048
413,12,33,-0.19019214855260932
414,12,34,0.04747826442102764
415,12,35,0.04031071569822845
416,12,36,0.034522818958246736
417,12,37,0.029794419711081814
418,12,38,0.025883194299076942
419,12,39,0.022608815180401004
420,12,40,0.019837591457609844
421,12,41,0.017469395404669758
422,12,42,0.0154286767058478
423,12,43,0.013657831503067024
424,12,44,0.012112068984035138
425,12,45,0.010756033455675634
426,12,46,0.009561543514376353
427,12,47,0.008505662260057008
428,12,48,0.007569244179519078
429,12,49,0.006737086046508051
430,12,50,0.005995625886380911
431,12,51,0.005333484159239052
432,12,52,0.004740667672750221
433,12,53,0.00420863619895814
434,12,54,0.0037296881562740407
435,12,55,0.003296942776399957
436,12,56,0.0029043651657391367
437,12,57,0.0025465883742565535
438,12,58,0.002218831613728928
439,12,59,0.0019184426927773834
440,12,60,0.0016436680034151736
441,12,61,0.001394226395771865
442,12,62,0.0011732187365417132
443,12,63,0.0009772340515915058
444,12,64,0.0008126877571710918
445,12,65,0.0006762252474145601
446,12,66,0.0005647334151506261
447,12,67,0.0004744562961256837
448,12,68,0.00040156709479726316
449,12,69,0.0003426097117279082
450,12,70,0.0002947174287100461
451,12,71,0.0002569641395629191
452,12,72,0.00022448978698494512
453,12,73,0.00019755248714855992
454,12,74,0.00017501330101648465
455,12,75,0.00015599529042123386
456,12,76,0.0001398345794348995
457,12,77,0.00012600284448474196
458,12,78,0.0001140858633988729
459,12,79,0.00010432578805240952
460,13,0,0.011740188230314294
461,13,1,-0.11184694197518952
462,13,2,-0.18343216850190927
463,13,3,-0.22239190161202224
464,13,4,-0.24170617145901474
465,13,5,-0.25078642389767763
466,13,6,-0.2549530764503745
467,13,7,-0.25684268275514865
468,13,8,-0.2576887010669447
469,13,9,-0.25806834231344117
470,13,10,-0.25823823861625317
471,13,11,-0.2583139422383605
472,13,12,-0.25834763803396094
473,13,13,-0.25836262005335664
474,13,14,-0.2583694401303242
475,14,0,0.028631110129396616
476,14,1,-0.0008551910732652311
477,14,2,-0.01647453820837365
478,14,3,-0.027810528066674514
479,14,4,-0.04010308723280105
480,14,5,-0.05663671938286965
481,14,6,-0.07998407970098953
482,14,7,-0.11114801019486806
483,14,8,-0.14770876825808854
484,14,9,-0.183552596090867
485,14,10,-0.21267300096883818
486,14,11,-0.2327478345160704
487,14,12,-0.24493996700630527
488,14,13,-0.2516861334770667
489,14,14,-0.2551866009774809
490,14,15,-0.2569016273436372
491,14,16,-0.2577091835626577
492,14,17,-0.25807874816783927
493,14,18,-0.25824378640694456
494,14,19,-0.2583173645016867
495,14,20,-0.2583500353574968
496,14,21,-0.2583637119408681
497,14,22,-0.258369828102697
498,15,0,0.04435533470581121
499,15,1,0.014097398743941572
500,15,2,-0.020532932647447176
501,15,3,-0.06106879015628893
502,15,4,-0.10314356934697456
503,15,5,-0.140774834039003
504,15,6,-0.1704911229555614
505,15,7,-0.19237725588933835
506,15,8,-0.20890090447159487
507,15,9,-0.22232307108004973
508,15,10,-0.23353927567104388
509,15,11,-0.24246937175168126
510,15,12,-0.2489601226441111
511,15,13,-0.25321215332549357
512,15,14,-0.2557237234532208
513,15,15,-0.2570859472781135
514,15,16,-0.25777392706173546
515,15,17,-0.2581033366392045
516,15,18,-0.2582533223656546
517,15,19,-0.25832213887660166
518,15,20,-0.2583515477648576
519,15,21,-0.2583645724428506
520,15,22,-0.2583703938710019
521,16,0,0.08699937657053675
522,16,1,0.014397680743456577
523,16,2,-0.04341977104033928
524,16,3,-0.09076540158955718
525,16,4,-0.12208466938011722
526,16,5,-0.1383955469410475
527,16,6,-0.145783454929039
528,16,7,-0.14897085574228497
529,16,8,-0.15035590964825973
530,16,9,-0.15097793757910438
531,16,10,-0.15127019228079813
532,16,11,-0.15141519100604545
533,16,12,-0.1514942411159418
534,16,13,-0.15154315804781104
535,16,14,-0.1515801948382513
536,16,15,-0.1516131182092625
537,16,16,-0.1516476896859759
538,16,17,-0.15168613295443845
539,16,18,-0.15173013673211921
540,16,19,-0.15178225972327092
541,16,20,-0.1518434811075505
542,16,21,-0.15191665731915827
543,16,22,-0.15200492655834424
544,16,23,-0.1521101674572856
545,16,24,-0.15223605630766132
546,16,25,-0.1523873200859576
547,16,26,-0.15256849821519233
548,16,27,-0.1527861421536707
549,16,28,-0.15304823013903707
550,16,29,-0.153363774686337
551,16,30,-0.153745524331553
552,16,31,-0.1542073184938943
553,16,32,0.030757192166885917
554,16,33,9.516981031486917e-11
555,16,34,2.2329223250939442e-15
556,17,0,0.14276439844062871
557,17,1,0.11264817911425715
558,17,2,0.06584602069658806
559,17,3,0.026442496076076176
560,17,4,0.008152493436225434
561,17,5,0.002222908510214472
562,17,6,0.0005768177502457589
563,17,7,0.0001465764979041346
564,17,8,3.691142448021035e-05
565,17,9,9.250118544981687e-06
566,17,10,2.2831391862395077e-06
567,18,0,0.07531171732917091
568,18,1,-0.04546640346735496
569,18,2,-0.1601250486231056
570,18,3,-0.20518322335232647
571,18,4,-0.22832676507031324
572,18,5,-0.24153968889197774
573,18,6,-0.24926991984664792
574,18,7,-0.25367284922869066
575,18,8,-0.2560548136629801
576,18,9,-0.2572765424541304
577,18,10,-0.25787036429314875
578,18,11,-0.2581482262397108
579,18,12,-0.25827476028651597
580,18,13,-0.2583317258146527
581,18,14,-0.25835570884701103
582,18,15,-0.25836611536890525
583,18,16,-0.2583710265773416
584,19,0,-0.02904096876150283
585,19,1,-0.10921570775599047
586,19,2,-0.1370970829033646
587,19,3,-0.14971432232478332
588,19,4,-0.1557057229250009
589,19,5,-0.15922185757229285
590,19,6,-0.16204728618498931
591,19,7,-0.16495575286858147
592,19,8,-0.16835055384673456
593,19,9,-0.17250824610436358
594,19,10,-0.17768982636365965
595,19,11,-0.18413359611894947
596,19,12,-0.19202630728048192
597,19,13,-0.20137947716680699
598,19,14,-0.21189474670807795
599,19,15,-0.22285998929956902
600,19,16,-0.2332264306888816
601,19,17,-0.24199623758547367
602,19,18,-0.24855856233982387
603,19,19,-0.25294483424352665
604,19,20,-0.2555745462771784
605,19,21,-0.2570105213846328
606,19,22,-0.2577375649427004
607,19,23,-0.25808678925008477
608,19,24,-0.2582478138920355
609,19,25,-0.2583192930975018
610,19,26,-0.2583504600427007
611,19,27,-0.2583643254186177
612,19,28,-0.25837030872666994
613,20,0,0.14240442951462506
614,20,1,0.10454010749522209
615,20,2,0.06932139832887622
616,20,3,0.04884402216539057
617,20,4,0.03632627485363769
618,20,5,0.02733766377936623
619,20,6,0.019462745315037205
620,20,7,0.010964236740819148
621,20,8,0.00014406153970588503
622,20,9,-0.014895599526065527
623,20,10,-0.036040446405154115
624,20,11,-0.06444326028316218
625,20,12,-0.0975896227580848
626,20,13,-0.12548458638679189
627,20,14,-0.14125788184139532
628,20,15,-0.14802126884079858
629,20,16,-0.15047140059416447
630,20,17,-0.15128766020260345
631,20,18,-0.15156107604789967
632,20,19,-0.1516710817975976
633,20,20,-0.1517383749836514
634,20,21,-0.15179994226303387
635,20,22,-0.15186781351220216
636,20,23,-0.15194727023140325
637,20,24,-0.15204154199812905
638,20,25,-0.1521542632957288
639,20,26,-0.1522894899459632
640,20,27,-0.15245049729947857
641,20,28,-0.15264443325165306
642,20,29,-0.15287799045903502
643,20,30,-0.15315820139433725
644,20,31,-0.15349666619936717
645,20,32,-0.15390651046476278
646,20,33,-0.15439948800720965
647,20,34,-0.15500174720676516
648,20,35,-0.15573513948964277
649,20,36,-0.15663324481246343
650,20,37,-0.15773530226219704
651,20,38,-0.15909585119903596
652,20,39,-0.16078406347034074
653,20,40,-0.1628916837587086
654,20,41,-0.16552937930171233
655,20,42,-0.16885478200011828
656,20,43,-0.17304834386263587
657,20,44,-0.1783271663583984
658,20,45,-0.18490557724087864
659,20,46,-0.19295482465952613
660,20,47,-0.2024582701432221
661,20,48,-0.21306256119348838
662,20,49,-0.22401811728120385
663,20,50,-0.23425574984196523
664,20,51,-0.24279522984955665
665,20,52,-0.24912194100779742
666,20,53,-0.25329533657944203
667,20,54,-0.2557712874192086
668,20,55,-0.25711163928876846
669,20,56,-0.2577861084488519
670,20,57,-0.2581078154688228
671,20,58,-0.25825598449371245
672,20,59,-0.25832301010243575
673,20,60,-0.25835241981060225
674,20,61,-0.25836514242444797
675,20,62,-0.25837055581871454
676,21,0,0.16361188846439595
677,21,1,0.1540503456285196
678,21,2,0.13964667261449212
679,21,3,0.12028399314159874
680,21,4,0.0975529596353917
681,21,5,0.07377603799212301
682,21,6,0.05009238787013995
683,21,7,0.0248090964866821
684,21,8,-0.006436066145669665
685,21,9,-0.046413573709712656
686,21,10,-0.089223666669227
687,21,11,-0.12311546386606038
688,21,12,-0.14350260634240092
689,21,13,-0.15416955037653088
690,21,14,-0.1600779546894474
691,21,15,-0.1642762805964344
692,21,16,-0.1682325542929893
693,21,17,0.043856128248118804
694,21,18,0.035530726491715514
695,21,19,0.02898411473117607
696,21,20,0.023789368222921985
697,21,21,0.019626267989708453
698,21,22,0.016243795109302742
699,21,23,0.012980127190763534
700,21,24,-0.005126233754553594
701,21,25,-0.03206536750339374
702,21,26,-0.03605449075779958
703,21,27,-0.03852373075183041
704,21,28,-0.04016141455013558
705,21,29,-0.0412165259212396
706,21,30,-0.04188192771620274
707,21,31,-0.04229653143844225
708,21,32,-0.042553379394751754
709,21,33,-0.04271220354807756
710,21,34,-0.04281073137505462
711,21,35,-0.042871649790082476
712,21,36,-0.0429095646824227
713,21,37,-0.04293317754003898
714,21,38,-0.04294796783377082
715,21,39,-0.04295725459115817
716,22,0,0.15943036981323058
717,22,1,0.14499629061381786
718,22,2,0.11353909752089394
719,22,3,0.06646869665497117
720,22,4,0.027255441345482006
721,22,5,0.008626363469667633
722,22,6,0.002395161369360039
723,22,7,0.0006279809157747752
724,22,8,0.0001605402401884655
725,22,9,4.057536724584555e-05
726,22,10,1.0200289849319165e-05
727,22,11,2.565378225343433e-06
728,23,0,0.10426567934931383
729,23,1,0.04813268757378436
730,23,2,0.015773762593696464
731,23,3,0.007309658779297585
732,23,4,0.004099674686522208
733,23,5,0.002670678092069668
734,23,6,0.0019311739454453583
735,23,7,0.0014976870232695227
736,23,8,0.0012176420614640297
737,23,9,0.00102283665191682
738,23,10,0.000879510156318008
739,23,11,0.0007696555630160181
740,23,12,0.0006828318009389107
741,23,13,0.0006124366628455693
742,23,14,0.0005542967181743255
743,23,15,0.0005054677621923582
744,23,16,0.0004639511861977818
745,23,17,0.00042823235153683975
746,23,18,0.00039723897405753565
747,23,19,0.0003701498968331212
748,23,20,0.0003462753848556873
749,23,21,0.0003250971241066914
750,23,22,0.0003061788378196867
751,23,23,0.00028917815085521435
752,23,24,0.000273855048021443
753,23,25,0.00025996218169062617
754,23,26,0.00024730563514775944
755,23,27,0.0002357405676086861
756,23,28,0.00022514364427854796
757,23,29,0.00021538238644015512
758,24,0,0.11412055290152205
759,24,1,0.0429011189825866
760,24,2,-0.04556540425225913
761,24,3,-0.10923547057385649
762,24,4,-0.13793964342288983
763,24,5,-0.14821066377888834
764,24,6,-0.15192490329586894
765,24,7,-0.15355272516530197
766,24,8,-0.1545588172249091
767,24,9,-0.1554350941547478
768,24,10,-0.15637164947542975
769,24,11,-0.15746484987457066
770,24,12,-0.15878678373233696
771,24,13,-0.16041436480026186
772,24,14,0.036058603846158666
773,24,15,0.0285381488602396
774,24,16,0.02279160970515449
775,24,17,0.018367742161111637
776,24,18,0.014932164889020692
777,24,19,0.012240726964775302
778,24,20,0.010115755758042522
779,24,21,0.008425609703393382
780,24,22,0.0070725773872432965
781,24,23,0.005982633928939687
782,24,24,0.005099398295273316
783,24,25,0.004379339520096087
784,24,26,0.003789004714158257
785,24,27,0.0033020601814631075
786,24,28,0.002897949329788544
787,24,29,0.002560507764887745
788,24,30,0.0022769197194974448
789,24,31,0.002037117406291691
790,24,32,0.0018331108747829446
791,24,33,0.001658367380385814
792,24,34,0.0015077914217612913
793,24,35,0.0013772680262460783
794,24,36,0.0012633705394083494
795,24,37,0.0011635373576663133
796,24,38,0.0010755265363382779
797,24,39,0.0009975215918500546
798,24,40,0.0009280408456693
799,24,41,0.0008658568874295378
800,24,42,0.0008099607426531596
801,24,43,0.0007595091466722085
802,24,44,0.0007137891606405029
803,24,45,0.0006722062521677067
804,24,46,0.00063425765872479
805,24,47,0.0005995320010291141
806,24,48,0.0005677190923699641
807,24,49,0.0005383436102227232
808,24,50,0.0005112432859611018
809,24,51,0.0004861695619989151
810,24,52,0.000462919741539797
811,24,53,0.0004413171933209583
812,24,54,0.0004212111508195438
813,24,55,0.000402456366919041
814,24,56,0.00038493393718403487
815,24,57,0.00036852935532032637
816,24,58,0.00035317230834024625
817,24,59,0.0003387394144145246
818,24,60,0.0003251784400383705
819,24,61,0.00031241756226497693
820,24,62,0.00030039300913387327
821,24,63,0.00028905547895516446
822,24,64,0.0002783627305642609
823,24,65,0.00026825045337340527
824,24,66,0.0002586698996954475
825,25,0,0.08038137026108574
826,25,1,0.03878060516888736
827,25,2,0.01774700659360265
828,25,3,0.009316119810050252
829,25,4,0.005741886237969011
830,25,5,0.003986571466305744
831,25,6,0.0030045951231338504
832,25,7,0.00239606122444091
833,25,8,0.001988115199698802
834,25,9,0.0016974408466224448
835,25,10,0.0014805831093452448
836,25,11,0.0013122328243048275
837,25,12,0.0011777822815195748
838,25,13,0.001067759982469288
839,25,14,0.0009758327063188631
840,25,15,0.000897790621125545
841,25,16,0.0008320432309896102
842,25,17,0.0007766696356321824
843,25,18,0.0007242610842308429
844,25,19,0.0006778222960258625
845,25,20,0.0006363248411043146
846,25,21,0.0005989898752456514
847,25,22,0.0005652182627813679
848,25,23,0.0005345198296165832
849,25,24,0.0005065063593754684
850,25,25,0.0004807798769521577
851,25,26,0.00045713744348846853
852,25,27,0.0004353144032790507
853,25,28,0.0004151077866517159
854,25,29,0.000396325722185139
855,25,30,0.0003788580870107645
856,25,31,0.0003625623165037707
857,25,32,0.0003473042937338673
858,25,33,0.0003330196786007042
859,25,34,0.00031964245594920827
860,25,35,0.0003070581598227353
861,25,36,0.00029519196488507216
862,25,37,0.00028401192586372236
863,25,38,0.0002734670892350685
864,25,39,0.0002635185341004433
865,26,0,0.1489621824735713
866,26,1,0.12236234397098755
867,26,2,0.0617079130046978
868,26,3,0.02203776558831131
869,26,4,0.006448531168884355
870,26,5,0.0011820332541252188
871,26,6,0.0002820277854630739
872,26,7,7.125470475770096e-05
873,26,8,1.7985432048342752e-05
874,26,9,4.568697175868876e-06
875,26,10,1.1591614670802936e-06
876,27,0,0.12438499702042563
877,27,1,0.05404851858540473
878,27,2,-0.05966397700320491
879,27,3,-0.13092707212005006
880,27,4,-0.17831229423175948
881,27,5,-0.20929089083856903
882,27,6,-0.22894151726296347
883,27,7,-0.24130834561236558
884,27,8,-0.24894346689286498
885,27,9,-0.2534308747433053
886,27,10,-0.25591212723734236
887,27,11,-0.25719857636479393
888,27,12,-0.2578286484228278
889,27,13,-0.25812756862715036
890,27,14,-0.2582654236365654
891,27,15,-0.2583274603658351
892,27,16,-0.2583542472822977
893,27,17,-0.25836552453544864
894,27,18,-0.2583708135003552
895,28,0,0.03340885439186536
896,28,1,-0.012115642800151587
897,28,2,-0.062214371248523505
898,28,3,-0.10970323799392127
899,28,4,-0.14700108433816722
900,28,5,-0.1728072480052212
901,28,6,-0.19075634677326067
902,28,7,-0.20486887626246308
903,28,8,-0.21737616884980887
904,28,9,-0.22874148553269075
905,28,10,-0.23848977698833682
906,28,11,-0.24606962650949915
907,28,12,-0.25134650049106194
908,28,13,-0.2546472588377696
909,28,14,-0.25651473756884524
910,28,15,-0.25748982475459153
911,28,16,-0.25796848926448
912,28,17,-0.25819313688485834
913,28,18,-0.2582952251430225
914,28,19,-0.25834018689692856
915,28,20,-0.2583598174156001
916,28,21,-0.2583683473236786
917,29,0,0.0944083750215236
918,29,1,0.04061304293034962
919,29,2,0.013408566966410683
920,29,3,0.003800467124291615
921,29,4,0.0010045011980021525
922,29,5,0.0002575805137239601
923,29,6,6.527429642724542e-05
924,29,7,1.6395114999149697e-05
925,29,8,4.114400522024124e-06
926,29,9,1.0314925871303403e-06
927,30,0,0.06294298362220169
928,30,1,-0.0006502755411750896
929,30,2,-0.06676160310191608
930,30,3,-0.12634945394162872
931,30,4,-0.16929621407966558
932,30,5,-0.19723284807534588
933,30,6,-0.21610119448355308
934,30,7,-0.22987134109402785
935,30,8,-0.24017791980882278
936,30,9,-0.24753511168741238
937,30,10,-0.2523730906757788
938,30,11,-0.25526494483604906
939,30,12,-0.25684768689475235
940,30,13,-0.2576569801104214
941,30,14,-0.25804711406807157
942,30,15,-0.25822767023483356
943,30,16,0.033953950927348334
944,30,17,0.028642889233941773
945,30,18,0.024375027178528658
946,30,19,-0.028251835492393754
947,30,20,-0.03700583697206446
948,30,21,-0.041570597542539195
949,30,22,-0.06713418856097854
950,30,23,-0.12996681664489193
951,30,24,-0.18239875438107747
952,30,25,-0.2171702161209288
953,30,26,-0.2370210140833238
954,30,27,-0.24771067024685642
955,30,28,-0.25319874557199723
956,30,29,-0.255916924678855
957,30,30,-0.25722085660375493
958,30,31,-0.2578382428677196
959,30,32,-0.2581273769856244
960,30,33,-0.25826092687226665
961,30,34,-0.25832244883300337
962,30,35,-0.25835089897617275
963,30,36,0.03266812671964818
964,30,37,0.027612145636688346
965,30,38,0.023543592887953622
966,30,39,0.020244282161202106
967,30,40,0.017546382587563823
968,30,41,0.015321445184686058
969,30,42,-0.038467922404760074
970,30,43,-0.04097907022306924
971,30,44,-0.0420557415039819
972,30,45,-0.0426362297679119
973,30,46,-0.04533966347320403
974,30,47,-0.07684290099377676
975,30,48,-0.1336749797261365
976,30,49,-0.18293876375340262
977,30,50,-0.21671492672940146
978,30,51,-0.23653732445506262
979,30,52,-0.24738597162017206
980,30,53,-0.2530166226941055
981,30,54,-0.25582059653495964
982,30,55,-0.25717466627572994
983,30,56,-0.257815608093522
984,30,57,-0.258116370191188
985,30,58,-0.2582553090792922
986,30,59,-0.25831984964073434
987,30,60,0.03240399472767935
988,30,61,0.02740023079268987
989,30,62,0.023372345204270874
990,30,63,0.02010479871324755
991,30,64,0.01743180437577615
992,30,65,0.015226524837525828
993,30,66,0.013391962149915268
994,30,67,0.011853333242956423
995,30,68,0.010553379293940107
996,30,69,0.009446327722654357
997,30,70,0.00849784224874451
998,30,71,0.00768003771036754
999,30,72,0.006970688510300945
1000,30,73,0.00635198027631316
1001,30,74,0.005809571652555804
1002,30,75,0.005331676982293228
1003,30,76,0.004908706810896182
1004,30,77,0.0045327577224018294
1005,30,78,0.004197255741117499
1006,30,79,0.003896713077167154
1007,30,80,0.0036265460595005655
1008,30,81,0.0033828723785873805
1009,30,82,0.0031624013914826558
1010,30,83,0.0029625065239946204
1011,30,84,0.002780417573733004
1012,30,85,0.0026142767141618343
1013,30,86,0.0024622564357710194
1014,30,87,0.002322900873126212
1015,30,88,0.0021948339240453387
1016,30,89,0.0020768776682290636
1017,30,90,0.0019680276317275303
1018,30,91,0.001867400962225865
1019,30,92,0.0017741184070983402
1020,30,93,0.0016875860856262366
1021,30,94,0.0016070954792620157
1022,30,95,0.001532144067230505
1023,30,96,0.0014622441686121222
1024,30,97,0.0013969534227367686
1025,30,98,0.0013358791273070884
1026,30,99,-0.03148287638128553
1027,30,100,0.0019029387858264012
1028,30,101,0.001807034272141489
1029,30,102,0.0017180922596062654
1030,30,103,0.0016354981405322187
1031,30,104,0.0015586027171627104
1032,30,105,0.0014869545275780702
1033,30,106,0.0014200149559319931
1034,30,107,0.0013574521983034582
1035,30,108,-0.03163081211467147
1036,30,109,0.0019268838047341377
1037,30,110,0.001829281994860172
1038,30,111,0.0017388519170512314
1039,30,112,0.0016547477592063695
1040,30,113,0.0015769457211452622
1041,30,114,0.001503533765102442
1042,30,115,0.0014355252057449055
1043,30,116,-0.03216231211969235
1044,30,117,0.002015087596848099
1045,30,118,0.0019109003581547716
1046,30,119,0.0018145430469540796
1047,30,120,0.0017250522998111676
1048,30,121,0.001641950383629417
1049,30,122,0.0015646184121781833
1050,30,123,0.0014925405154567698
1051,30,124,-0.03253353502794683
1052,30,125,-0.03613217185903387
1053,30,126,-0.03933532478457022
1054,30,127,-0.04939680307494583
1055,30,128,-0.08496845748570539
1056,30,129,-0.12654488518925358
1057,30,130,-0.17203932296586677
1058,30,131,-0.20854445477477776
1059,30,132,-0.23147577696219845
1060,30,133,-0.24456997975798775
1061,30,134,-0.2515518771910274
1062,30,135,-0.2550898268210104
1063,30,136,-0.2568226561230195
1064,30,137,-0.2576495064666682
1065,30,138,-0.2580379190840124
1066,30,139,-0.25821921740367304
1067,30,140,-0.25830375466705197
1068,30,141,-0.25834210916578687
1069,30,142,-0.2583597556923886
1070,30,143,-0.2583676746773009
1071,31,0,0.13021776877262684
1072,31,1,0.10566034863907689
1073,31,2,0.06618951099842318
1074,31,3,0.027805469986705217
1075,31,4,0.008593315282644284
1076,31,5,0.002336555202992716
1077,31,6,0.0006116754232870511
1078,31,7,0.00015622164504409649
1079,31,8,3.94765455879781e-05
1080,31,9,9.953173961593656e-06
1081,31,10,2.495841590135833e-06
1082,32,0,0.05017949996402095
1083,32,1,-0.009516437049332721
1084,32,2,-0.06653362458300673
1085,32,3,-0.10993405495736348
1086,32,4,-0.13702579921730207
1087,32,5,-0.15215341208053207
1088,32,6,-0.16090084245066016
1089,32,7,-0.1669937253088008
1090,32,8,0.04762709775461765
1091,32,9,0.03845076146645392
1092,32,10,0.031263534711197805
1093,32,11,0.02558597610869305
1094,32,12,0.021057551667148774
1095,32,13,0.017411446798009832
1096,32,14,0.014452843667914498
1097,32,15,0.012038115293321664
1098,32,16,0.010059140986251519
1099,32,17,0.00843339323425608
1100,32,18,0.007095798620866983
1101,32,19,0.005994432668136859
1102,32,20,0.005086922017692995
1103,32,21,0.004338719413100064
1104,32,22,0.00372124766713605
1105,32,23,0.003210861245477547
1106,32,24,0.0027880643420468525
1107,32,25,0.0024368585757340647
1108,32,26,0.0021442240047063917
1109,32,27,0.001899490277169495
1110,32,28,0.0016936348264623771
1111,32,29,0.001519680007488423
1112,32,30,0.0013718361435092153
1113,32,31,0.0012453834304951214
1114,32,32,0.001136624810317205
1115,32,33,0.001042516021672062
1116,32,34,0.0009605696724302578
1117,32,35,0.0008887813323133851
1118,32,36,0.0008255292201640512
1119,32,37,0.0007694588929922207
1120,32,38,0.0007194818453235474
1121,32,39,0.0006746969121103402
1122,32,40,0.0006343974299362325
1123,32,41,0.0005978827229697718
1124,32,42,0.0005647323737899956
1125,32,43,0.000534485140660445
1126,32,44,0.0005067803736938424
1127,32,45,0.0004813553958466126
1128,32,46,0.00045788336008803845
1129,32,47,0.00043616519260053065
1130,32,48,0.000416042274393129
1131,32,49,0.00039735317858365657
1132,32,50,0.0003799308736043756
1133,32,51,0.00036365971730870734
1134,32,52,0.0003484897960730777
1135,32,53,0.0003341913054457023
1136,32,54,0.0003207909509429438
1137,32,55,0.00030819756995839696
1138,32,56,0.0002963507544100877
1139,32,57,0.00028518688570315816
1140,32,58,0.00027463722390321226
1141,32,59,0.00026468818691354964
1142,33,0,0.08449850560010344
1143,33,1,0.05118104252580217
1144,33,2,0.006913121750052216
1145,33,3,-0.04797957631117722
1146,33,4,-0.10626173597988675
1147,33,5,-0.1573939143721397
1148,33,6,-0.19550376839937628
1149,33,7,-0.2209384291432977
1150,33,8,-0.2369124410623573
1151,33,9,-0.24658418147200414
1152,33,10,-0.25220110879165636
1153,33,11,-0.2552913950609536
1154,33,12,-0.2568961923107129
1155,33,13,-0.2576901713780983
1156,33,14,-0.2580644187606822
1157,33,15,-0.2582370008345651
1158,33,16,-0.2583139130156904
1159,33,17,-0.2583483044116105
1160,33,18,-0.25836317129407016
1161,33,19,-0.25836985679020363
1162,34,0,0.16423663512453135
1163,34,1,0.15736087880184704
1164,34,2,0.14139722113094894
1165,34,3,0.11375375372105381
1166,34,4,0.08412091344086489
1167,34,5,0.05618425339011423
1168,34,6,0.02652230021347456
1169,34,7,-0.006556644151500365
1170,34,8,-0.04260606603347207
1171,34,9,-0.0794546980484654
1172,34,10,-0.11402660005732188
1173,34,11,-0.1424699925044596
1174,34,12,-0.1625907692876265
1175,34,13,-0.17618169429587927
1176,34,14,-0.1867371308898868
1177,34,15,-0.19677190411850717
1178,34,16,-0.20734180481126038
1179,34,17,-0.21838835205015864
1180,34,18,-0.2291682533720966
1181,34,19,-0.2386673206621374
1182,34,20,-0.24616160571488313
1183,34,21,-0.2513995765033563
1184,34,22,-0.2546731891030637
1185,34,23,-0.25652849143623235
1186,34,24,-0.25749456166010815
1187,34,25,-0.25797118954010534
1188,34,26,-0.25819492622841445
1189,34,27,-0.25829592528511536
1190,34,28,-0.2583400927718996
1191,34,29,-0.2583600956539031
1192,34,30,-0.2583683963015335
1193,35,0,0.0413359574463255
1194,35,1,0.022555237443976854
1195,35,2,0.005697211146269244
1196,35,3,-0.010198441444281888
1197,35,4,-0.02823837169435807
1198,35,5,-0.05222895775179079
1199,35,6,-0.08401126949773846
1200,35,7,-0.1160761152066603
1201,35,8,-0.1368655796830907
1202,35,9,-0.14649541088894397
1203,35,10,0.03030685447302122
1204,35,11,0.022601185939507176
1205,35,12,0.017514869529742474
1206,35,13,0.013919169497297105
1207,35,14,0.011277270468483716
1208,35,15,0.009285209893476927
1209,35,16,0.007752906100113853
1210,35,17,0.00655378804880399
1211,35,18,0.005601340701725455
1212,35,19,0.004834453223503723
1213,35,20,0.004209291957259768
1214,35,21,0.003694093037955817
1215,35,22,2.4210373750888894e-05
1216,35,23,6.074941476069302e-06
1217,35,24,1.5139487185921954e-06
1218,36,0,0.15900645737184552
1219,36,1,0.14789512490712406
1220,36,2,0.12886884211988195
1221,36,3,0.10072570780920603
1222,36,4,0.06461322495284802
1223,36,5,0.022390230247755605
1224,36,6,-0.024544799174621157
1225,36,7,-0.07162100434837045
1226,36,8,-0.10930061174915925
1227,36,9,-0.13232802169238328
1228,36,10,-0.14383556549852466
1229,36,11,-0.14912358493056932
1230,36,12,-0.1516142239392586
1231,36,13,-0.15295229261570034
1232,36,14,-0.15384982315120846
1233,36,15,-0.1546192843092331
1234,36,16,-0.155406003002907
1235,36,17,-0.15629657613788317
1236,36,18,-0.15735673698435015
1237,36,19,-0.15864697108620773
1238,36,20,-0.16023421584796044
1239,36,21,-0.16220438119167027
1240,36,22,-0.16467322119558236
1241,36,23,-0.16777634477342163
1242,36,24,-0.17169111720976962
1243,36,25,-0.17662021590108234
1244,36,26,-0.18278838600912237
1245,36,27,-0.19038852498574793
1246,36,28,-0.199478703543293
1247,36,29,-0.20981775300842195
1248,36,30,-0.2207669031120018
1249,36,31,-0.231334359454893
1250,36,32,-0.24045968577313398
1251,36,33,0.04211198771630145
1252,36,34,-0.0030537219993689996
1253,36,35,-0.029993794459491886
1254,36,36,-0.06116479192873625
1255,36,37,-0.1162742795051061
1256,36,38,-0.1357782462515921
1257,36,39,-0.14364523003162422
1258,36,40,-0.14746985694771853
1259,36,41,-0.149421001094529
1260,36,42,-0.1504230271535175
1261,36,43,-0.150936113802549
1262,36,44,-0.1511976387134426
1263,36,45,-0.15132998107532825
1264,36,46,-0.15139645424053955
1265,36,47,-0.15143020992489387
1266,36,48,-0.15144699019043958
1267,36,49,-0.15145538019764748
1268,37,0,0.07674041667059031
1269,37,1,-0.028743178981130775
1270,37,2,-0.111093874379595
1271,37,3,-0.1535967972300729
1272,37,4,-0.1802149941183065
1273,37,5,-0.19801355091086853
1274,37,6,-0.21191438998400133
1275,37,7,-0.22404399922321055
1276,37,8,-0.2346196479951657
1277,37,9,-0.24317940422298506
1278,37,10,-0.2494161109340966
1279,37,11,-0.253481476601849
1280,37,12,-0.2558765240460912
1281,37,13,-0.2571679973292325
1282,37,14,-0.25781300701032955
1283,37,15,-0.2581213361386112
1284,37,16,-0.25826328588562986
1285,37,17,-0.2583263293481118
1286,37,18,-0.2583529925125511
1287,37,19,-0.25836564978807836
1288,37,20,-0.2583708223659889
1289,38,0,0.09560760328693638
1290,38,1,0.02589503487652864
1291,38,2,-0.045553360291592154
1292,38,3,-0.09122184930883975
1293,38,4,-0.12952714721547876
1294,38,5,-0.1623181621027632
1295,38,6,-0.18812830916757672
1296,38,7,-0.20745723816654643
1297,38,8,-0.22229117712897595
1298,38,9,-0.23400084069087096
1299,38,10,-0.2429830765255707
1300,38,11,-0.24935804994209604
1301,38,12,-0.25346986571726554
1302,38,13,-0.25587419810820866
1303,38,14,-0.2571657024324119
1304,38,15,-0.25781294407170985
1305,38,16,-0.2581222786124263
1306,38,17,-0.2582615575271439
1307,38,18,-0.2583253014491166
1308,38,19,-0.2583535792814624
1309,38,20,-0.25836559121896174
1310,38,21,-0.2583707617663177
1311,39,0,0.06386255075659678
1312,39,1,0.03508883613982676
1313,39,2,0.0009967852347130268
1314,39,3,-0.036796259482758255
1315,39,4,-0.0755946704021948
1316,39,5,-0.11354276813085261
1317,39,6,-0.14909192253582898
1318,39,7,0.08681487721735161
1319,39,8,0.0714525997806648
1320,39,9,0.05841920495319981
1321,39,10,0.04842036817995495
1322,39,11,0.0408937011157017
1323,39,12,0.03503522668550029
1324,39,13,0.0302966170474169
1325,39,14,0.026359177153433826
1326,39,15,0.02302644986754234
1327,39,16,0.02016350229645536
1328,39,17,0.017671495067237024
1329,39,18,0.015476225936409124
1330,39,19,0.013522272063366009
1331,39,20,0.011769370540477712
1332,39,21,0.010190924567158317
1333,39,22,0.008771006170657354
1334,39,23,0.007503638496494498
1335,39,24,0.006387307724076859
1336,39,25,0.005420257943312957
1337,39,26,0.004596626422958855
1338,39,27,0.0039052426623861335
1339,39,28,0.0033305399311612596
1340,39,29,0.0028555317684128764
1341,39,30,0.0024639226384155343
1342,39,31,0.002140805318012697
1343,39,32,0.0018728250297052693
1344,39,33,0.001649647089169079
1345,39,34,0.001462714662355185
1346,39,35,0.0013051132479273437
1347,39,36,0.0011713742215813238
1348,39,37,0.0010571161276213773
1349,39,38,0.0009588832174394742
1350,39,39,0.0008739007054865498
1351,39,40,0.0007999764345610824
1352,39,41,0.000735278889498741
1353,39,42,0.000678360543024707
1354,39,43,0.0006280471713144297
1355,39,44,0.000583360711335983
1356,39,45,0.0005434888125553303
1357,39,46,0.0005077629811848917
1358,39,47,0.00047563637720981697
1359,39,48,0.0004476481782629792
1360,39,49,0.0004212686585753755
1361,39,50,0.00039693176745930585
1362,39,51,0.00037505359814976515
1363,39,52,0.0003550644848100762
1364,39,53,0.00033708629931838204
1365,39,54,0.00032011965378857254
1366,39,55,0.000304574620274885
1367,39,56,0.0002902198787014948
1368,39,57,0.00027737490782989106
1369,39,58,0.000264129996278509
1370,39,59,0.0002527287012385486
1371,39,60,0.000242111061781567
1372,39,61,0.00023220271163991294
1373,40,0,0.0034412170302035145
1374,40,1,4.75265157085446e-05
1375,40,2,6.3782385115064645e-06
1376,40,3,1.5729257958533657e-06
1377,41,0,0.04067062169626279
1378,41,1,0.010377100934036492
1379,41,2,-0.01358447621257526
1380,41,3,-0.037931312730063796
1381,41,4,-0.06774618717395514
1382,41,5,-0.1015486390206908
1383,41,6,-0.12842827593625514
1384,41,7,-0.14278172099470576
1385,41,8,-0.14869846314023402
1386,41,9,-0.15079603338562064
1387,41,10,-0.15149431752665732
1388,41,11,-0.1517457681772371
1389,41,12,-0.15187045968167798
1390,41,13,-0.15196871925628364
1391,41,14,-0.15207209878350866
1392,41,15,-0.15219189430066543
1393,41,16,-0.1523347447168634
1394,41,17,-0.15250529611272295
1395,41,18,-0.15271017503228856
1396,41,19,-0.15295655488472232
1397,41,20,-0.15325300008511408
1398,41,21,-0.15361371815207392
1399,41,22,-0.15404676557401908
1400,41,23,-0.1545713691333106
1401,41,24,-0.15520958340395857
1402,41,25,-0.1559873353998188
1403,41,26,-0.15693937076158046
1404,41,27,-0.1581113389814101
1405,41,28,-0.1595632793915766
1406,41,29,-0.1613680266731401
1407,41,30,-0.1636219251670586
1408,41,31,-0.16644943723850658
1409,41,32,-0.17001149779586824
1410,41,33,-0.1745044046390045
1411,41,34,-0.18014644920679
1412,41,35,0.0453183519101175
1413,41,36,0.03794740116462342
1414,41,37,0.03202525823789097
1415,41,38,0.02720935373892712
1416,41,39,0.023241739988382908
1417,41,40,0.01993138519072405
1418,41,41,0.01713713578454147
1419,41,42,0.014755366184880526
1420,41,43,0.012708656190073643
1421,41,44,0.010939189799386812
1422,41,45,0.009403329380963592
1423,41,46,0.008067697868343668
1424,41,47,0.0069068425955184955
1425,41,48,0.005900132210382098
1426,41,49,0.005030526365646442
1427,41,50,0.004283187478524186
1428,41,51,0.0036446928093843717
1429,41,52,0.003102519686415662
1430,41,53,0.0026447492192235656
1431,41,54,0.002260296616202831
1432,41,55,0.001938852322968478
1433,41,56,0.0016710562303802459
1434,41,57,0.0014483545306826252
1435,41,58,0.001263399274668722
1436,41,59,0.001109808225656433
1437,41,60,0.000982033116794498
1438,41,61,0.0008755054045603301
1439,41,62,0.0007864700233857829
1440,41,63,0.0007115782903263884
1441,41,64,0.0006483274304651052
1442,41,65,0.0005945531446903151
1443,41,66,0.000548626889496381
1444,41,67,0.0005090584949357774
1445,41,68,0.0004747315246233629
1446,41,69,0.0004447395420542014
1447,41,70,0.00041833580126766565
1448,41,71,0.00039491675523030097
1449,41,72,0.00037400353174968804
1450,41,73,0.000355194501854342
1451,41,74,0.00033816558285973625
1452,41,75,0.00032268859842421536
1453,41,76,0.0003084874959527117
1454,41,77,0.0002954269287919558
1455,41,78,0.00028335920578501875
1456,41,79,0.00027218479740255975
1457,41,80,0.0002617401121756866
1458,41,81,0.00025197734402838826
1459,42,0,0.1579239499693352
1460,42,1,0.13339967343091869
1461,42,2,0.09078889627756478
1462,42,3,0.04288866400326085
1463,42,4,0.014492376460519965
1464,42,5,0.004091740769002851
1465,42,6,0.0010745622693766645
1466,42,7,0.00027444934502138095
1467,42,8,6.927184507201922e-05
1468,42,9,1.7515132606345864e-05
1469,42,10,4.40447859696848e-06
1470,42,11,1.0632556611376476e-06
1471,43,0,0.14719654455889625
1472,43,1,0.035049819148114135
1473,43,2,0.010601352808100574
1474,43,3,0.0037423848157868756
1475,43,4,0.001574992275732484
1476,43,5,0.0008095914845202613
1477,43,6,0.0005017609885443831
1478,43,7,0.00036097728265740254
1479,43,8,0.0002879477803940326
1480,43,9,0.00024507184715545275
1481,43,10,0.0002168832646673125
1482,43,11,0.00019638171499244373
1483,43,12,0.0001804088063242806
1484,43,13,0.0001672472421452531
1485,43,14,0.00015600759350432435
1486,43,15,0.00014619588527464337
1487,44,0,0.1364357010676752
1488,44,1,0.10474820335070135
1489,44,2,0.051369100148437354
1490,44,3,-0.018378080269960018
1491,44,4,-0.0867305948909273
1492,44,5,-0.1384081673134949
1493,44,6,-0.1720434796895572
1494,44,7,-0.19404009438125558
1495,44,8,-0.2102008939673955
1496,44,9,-0.22343264758821246
1497,44,10,-0.2344824953860341
1498,44,11,-0.24320905239387153
1499,44,12,-0.24948055112116752
1500,44,13,-0.25353059715611354
1501,44,14,-0.2559073680701951
1502,44,15,-0.2571789256282958
1503,44,16,-0.2578188095335415
1504,44,17,-0.2581237936532188
1505,44,18,-0.2582635545841867
1506,44,19,-0.2583260391039405
1507,44,20,-0.25835367709993884
1508,44,21,-0.25836560276700266
1509,44,22,0.03336635649657631
1510,44,23,0.028171631559485495
1511,44,24,0.023995219055434402
1512,44,25,0.020611869454277794
1513,44,26,0.01784811697316819
1514,44,27,0.015571225635900597
1515,44,28,-0.038232441503213366
1516,44,29,0.011054720288851362
1517,44,30,0.009874377894533395
1518,44,31,0.008865334929102504
1519,44,32,0.007997741367311538
1520,44,33,0.007246755578388109
1521,44,34,0.006593173948301714
1522,44,35,0.006021332902793188
1523,44,36,0.0055185193638742445
1524,44,37,-0.042379009813869065
1525,44,38,0.005517966158019581
1526,44,39,-0.04237860787371556
1527,44,40,0.005517531228534698
1528,44,41,-0.04237832521565665
1529,44,42,0.0055172297423356385
1530,44,43,-0.042378101586072685
1531,44,44,0.0055169982169845175
1532,44,45,-0.04237796797805945
1533,44,46,0.005516856144191482
1534,44,47,-0.042377874920228806
1535,44,48,0.005516756375589467
1536,44,49,-0.042377810280323246
1537,44,50,0.005516687396130986
1538,44,51,-0.042377940098307275
1539,44,52,0.005516763373096549
1540,44,53,-0.04237769689383895
1541,44,54,0.005517096080051005
1542,44,55,-0.04238535106914114
1543,44,56,-0.04282604539741796
1544,44,57,-0.04626515688216841
1545,44,58,-0.0782237672333611
1546,44,59,-0.13002950713309033
1547,44,60,-0.17814561086735142
1548,44,61,-0.21308441764645397
1549,44,62,-0.23427280909457385
1550,44,63,-0.2461360400995985
1551,44,64,-0.2523716230071379
1552,44,65,-0.2554985929981256
1553,44,66,-0.25701841902056166
1554,44,67,-0.2577422100619019
1555,44,68,-0.25808181972514255
1556,44,69,-0.25823955789752956
1557,44,70,-0.2583124598068982
1558,44,71,-0.25834637848352837
1559,44,72,-0.25836186296410163
1560,44,73,0.032794880125024156
1561,44,74,0.02771372851435995
1562,44,75,0.023625603896495383
1563,44,76,0.020311068840996836
1564,44,77,0.01760123444821842
1565,44,78,0.015366874371786854
1566,44,79,0.013509110000130258
1567,44,80,0.011952020412131378
1568,44,81,0.010637043920699333
1569,44,82,0.00951812505450674
1570,44,83,0.008559568343980882
1571,44,84,0.0077334020837939825
1572,44,85,0.007017097663859015
1573,44,86,0.006392561782865471
1574,44,87,0.005845235498704182
1575,44,88,0.005363168337682566
1576,44,89,0.004936636638912421
1577,44,90,0.004557624555614335
1578,44,91,0.0042194817918594085
1579,44,92,0.003916660609903425
1580,44,93,0.0036445074572502745
1581,44,94,0.003399096786434834
1582,44,95,0.0031771021094560018
1583,44,96,0.0029756894821440835
1584,44,97,0.002792434510729503
1585,44,98,0.0026252547742954056
1586,44,99,0.002472301759692936
1587,44,100,0.0023321209346548618
1588,44,101,0.002203318515936055
1589,44,102,0.0020846999439644905
1590,44,103,0.001975251831287577
1591,44,104,0.001874086724339629
1592,44,105,0.0017803287324631158
1593,44,106,0.001693320059493294
1594,44,107,0.0016124362850473075
1595,44,108,0.001537122842095581
1596,44,109,0.0014668857480959194
1597,44,110,0.001401284191511476
1598,44,111,-0.031935149831802165
1599,44,112,0.0019770169589157084
1600,44,113,0.001875686807488303
1601,44,114,0.001781812073540835
1602,44,115,0.0016946978364091763
1603,44,116,0.0016137180534967837
1604,44,117,0.0015383170204081443
1605,44,118,0.0014680000016248553
1606,44,119,0.0014023254669931272
1607,44,120,0.0013409214163863058
1608,44,121,-0.03152145027666926
1609,44,122,-0.03533601185728085
1610,44,123,-0.038575614489088486
1611,44,124,-0.046486207001897276
1612,44,125,-0.08411968177860932
1613,44,126,-0.13761005944136953
1614,44,127,-0.1817591793554778
1615,44,128,-0.21355895311023557
1616,44,129,-0.23398908492095255
1617,44,130,-0.2458307465605789
1618,44,131,-0.2521774172779251
1619,44,132,-0.255390404551122
1620,44,133,-0.2569644713103682
1621,44,134,-0.2577146523856149
1622,44,135,-0.258068705102641
1623,44,136,-0.25823362004892525
1624,44,137,-0.2583100111410126
1625,44,138,-0.25834524558715377
1626,44,139,-0.258361263467505
1627,44,140,0.03276708208964256
1628,44,141,0.027691409617514935
1629,44,142,0.023607577482885847
1630,44,143,0.020296391003319605
1631,44,144,0.017589182289175415
1632,44,145,0.015356894594328416
1633,44,146,0.013500776938445487
1634,44,147,0.011944982334560286
1635,44,148,0.010630907923481394
1636,44,149,0.009512961944092967
1637,44,150,0.00855512476793368
1638,44,151,0.007729574903632526
1639,44,152,0.007013773528212967
1640,44,153,0.006389655590099932
1641,44,154,0.005842681250188934
1642,44,155,0.005360913584190646
1643,44,156,0.004934636831175225
1644,44,157,0.004555844058434526
1645,44,158,0.004217889885569183
1646,44,159,0.003915232829715292
1647,44,160,0.003643221800627096
1648,44,161,0.003397935786542539
1649,44,162,0.0031760512712557254
1650,44,163,0.0029747168438999964
1651,44,164,0.0027915472758567542
1652,44,165,0.002624443971200544
1653,44,166,0.0024715594711242073
1654,44,167,0.0023314399589564943
1655,44,168,0.0022026916203773074
1656,44,169,0.002084121729280375
1657,44,170,0.001974717818941766
1658,44,171,0.001873592351778839
1659,44,172,0.0017798710329771424
1660,44,173,0.0016928951274120252
1661,44,174,0.0016120409862546495
1662,44,175,0.0015367544449558478
1663,44,176,0.001466541715758887
1664,44,177,0.001400962604074271
1665,44,178,0.0013396225229912418
1666,44,179,0.0012821676349988923
1667,44,180,0.0012282803931387152
1668,44,181,0.0011776745311386566
1669,44,182,0.0011300917750992514
1670,44,183,0.0010852984401396887
1671,44,184,0.0010430088887581923
1672,44,185,0.0010031614979925914
1673,44,186,0.0009655438880989495
1674,44,187,0.0009299811943299305
1675,44,188,0.0008963249935114966
1676,44,189,0.0008644482863098824
1677,44,190,0.0008342396836691344
1678,44,191,0.0008055991992538761
1679,44,192,0.0007783441748910416
1680,44,193,0.0007524344270301154
1681,44,194,0.0007277888239537351
1682,44,195,0.0007043219120664908
1683,44,196,0.0006819602438371546
1684,44,197,0.0006606360557027892
1685,44,198,0.0006402865722753663
1686,44,199,0.0006208538296326826
1687,44,200,0.0006022839896800175
1688,44,201,0.0005845270321230564
1689,44,202,0.000567536611836365
1690,44,203,0.000551269454410642
1691,44,204,0.0005356854893335385
1692,44,205,0.0005207471688885692
1693,44,206,0.0005064195710343046
1694,44,207,0.0004926700847816558
1695,44,208,0.00047946819486483026
1696,44,209,0.0004667854839758051
1697,44,210,0.00045459513482082477
1698,44,211,0.0004429209954666686
1699,44,212,0.0004316357086372206
1700,44,213,0.0004207809973647736
1701,44,214,0.0004103289640264632
1702,44,215,0.0004002588553177187
1703,44,216,0.000390544035627681
1704,45,0,0.1344284572072195
1705,45,1,0.08609234510799518
1706,45,2,0.038894831248344565
1707,45,3,0.012930463213731223
1708,45,4,0.00364482133338994
1709,45,5,0.0009585776125069962
1710,45,6,0.00024508646773317916
1711,45,7,6.186791991730776e-05
1712,45,8,1.5590272926409532e-05
1713,45,9,3.926514734193504e-06
1714,45,10,9.762863554076753e-07
1715,46,0,0.1509693932102234
1716,46,1,0.13812344037964377
1717,46,2,0.10237194545517675
1718,46,3,0.03752033509675443
1719,46,4,0.011492724305770662
1720,46,5,0.0031612996386715282
1721,46,6,0.0008259914924990558
1722,46,7,0.00021083065684641305
1723,46,8,5.324703223331895e-05
1724,46,9,1.3373156616614123e-05
1725,46,10,3.3550422041885667e-06
1726,46,11,8.378447990944258e-07
1727,47,0,0.14450619807725487
1728,47,1,0.113858828767238
1729,47,2,0.06767194502384005
1730,47,3,0.028339809865397074
1731,47,4,0.009113826567504472
1732,47,5,0.002553678810450801
1733,47,6,0.0006726769228176615
1734,47,7,0.0001723472444949835
1735,47,8,4.358062219306172e-05
1736,47,9,1.0922513146977778e-05
1737,47,10,2.7363099084880412e-06
1738,48,0,-0.021769846589391188
1739,48,1,-0.07419490350423609
1740,48,2,-0.11743458284695309
1741,48,3,-0.15021883383717027
1742,48,4,-0.1732301247299115
1743,48,5,-0.18956324416040404
1744,48,6,-0.2027553073112784
1745,48,7,-0.21482927496919368
1746,48,8,-0.22618883963667846
1747,48,9,-0.2362774862268136
1748,48,10,-0.24440496850700286
1749,48,11,-0.2502315964088011
1750,48,12,-0.2539763796485177
1751,48,13,-0.25615036489111165
1752,48,14,-0.2573057429994825
1753,48,15,-0.2578794694609577
1754,48,16,-0.2581517065413084
1755,48,17,-0.2582765461780407
1756,48,18,-0.25833254656454846
1757,48,19,-0.2583568766581932
1758,48,20,-0.2583670726459756
1759,48,21,-0.25837155138055634
1760,49,0,0.12517263810723792
1761,49,1,0.08274059225123127
1762,49,2,0.03810080170017902
1763,49,3,0.01958562260086405
1764,49,4,0.014200735254276637
1765,49,5,0.011642506237981012
1766,49,6,0.00037573916305145725
1767,49,7,5.997612297006707e-06
1768,49,8,9.411444659858354e-08
